{
  "description": "Trained tabular MLP scorer for vacation schedule candidate ranking.",
  "feature_schema_version": 1,
  "heads": {
    "avoid": {
      "bias": -0.23654705,
      "weights": {
        "auto_fit": -0.09405598,
        "calendar_quality": -0.53142363,
        "coverage_balance": -0.1918247,
        "deadline_closure": -0.13664879,
        "department_pressure": -1.38411748,
        "manager_caution": 0.92952985,
        "preference_alignment": 1.06329477,
        "staffing_safety": -0.02901938
      }
    },
    "confidence": {
      "bias": 0.09221976,
      "weights": {
        "auto_fit": -0.44934258,
        "calendar_quality": 0.20560405,
        "coverage_balance": 0.36175838,
        "deadline_closure": 0.41834763,
        "department_pressure": 0.38369909,
        "manager_caution": -0.09180848,
        "preference_alignment": -0.12142488,
        "staffing_safety": -0.19621398
      }
    },
    "prefer": {
      "bias": -0.0888724,
      "weights": {
        "auto_fit": 0.34860349,
        "calendar_quality": -0.3472403,
        "coverage_balance": -0.20795575,
        "deadline_closure": -0.10599445,
        "department_pressure": 0.6085456,
        "manager_caution": -1.02402818,
        "preference_alignment": -0.67602551,
        "staffing_safety": -0.16576304
      }
    },
    "score": {
      "bias": -0.32835978,
      "weights": {
        "auto_fit": -0.08917905,
        "calendar_quality": -0.6105817,
        "coverage_balance": 0.4185482,
        "deadline_closure": -0.10746031,
        "department_pressure": 0.44891006,
        "manager_caution": -0.53571153,
        "preference_alignment": -0.48457909,
        "staffing_safety": 0.24206878
      }
    }
  },
  "hidden_activation": "tanh",
  "hidden_layer": [
    {
      "bias": 0.10462871,
      "name": "preference_alignment",
      "weights": {
        "auto_candidate": 0.42998981,
        "coverage_complete": 0.16163498,
        "coverage_fit": 0.033462,
        "cross_month": -0.27238175,
        "deadline_fit": -0.03868398,
        "deadline_miss": 0.03562719,
        "has_risk_payload": -0.08010954,
        "load_pressure": -0.5580079,
        "manager_role": 0.50074935,
        "manual_candidate": -0.96709746,
        "over_plan_pressure": -1.11470985,
        "passed_hard_rules": 0.03889144,
        "period_length_fit": 0.24153036,
        "planning_blocker_pressure": 0.02391117,
        "planning_open_pressure": 0.0999452,
        "preference_backup": -0.96133369,
        "preference_exact": -0.36892796,
        "preference_missing": 0.20404188,
        "preference_partial_remainder": -1.33248425,
        "preference_period_ok": -0.46002856,
        "preference_primary": -0.20831713,
        "quality_prior": -0.26329097,
        "risk_conflict": -0.07170992,
        "risk_pressure": 0.94283092,
        "risk_quality_prior": -0.69520199,
        "risk_safety": -0.90278959,
        "schema_match": -0.04400741,
        "staff_margin_positive": -1.30290377,
        "staff_shortage": 0.17050633,
        "substitution_available": 1.58586133,
        "summer_overlap_ratio": 0.00013609,
        "tenure_maturity": 0.2397256
      }
    },
    {
      "bias": 0.00140089,
      "name": "coverage_balance",
      "weights": {
        "auto_candidate": 0.25513208,
        "coverage_complete": 0.15353817,
        "coverage_fit": 0.06927192,
        "cross_month": 0.1646246,
        "deadline_fit": 0.02751632,
        "deadline_miss": 0.14265028,
        "has_risk_payload": 0.14362065,
        "load_pressure": 0.04647383,
        "manager_role": 0.22993752,
        "manual_candidate": 0.14323659,
        "over_plan_pressure": -0.40145633,
        "passed_hard_rules": 0.28195226,
        "period_length_fit": 0.24223633,
        "planning_blocker_pressure": -0.07718506,
        "planning_open_pressure": 0.24389157,
        "preference_backup": 0.14815456,
        "preference_exact": 0.21270746,
        "preference_missing": 0.01706273,
        "preference_partial_remainder": -0.41496217,
        "preference_period_ok": 0.05483228,
        "preference_primary": -0.00944782,
        "quality_prior": 0.31348163,
        "risk_conflict": 0.0508539,
        "risk_pressure": 0.01280552,
        "risk_quality_prior": 0.26083183,
        "risk_safety": 0.19891492,
        "schema_match": 0.26249331,
        "staff_margin_positive": 0.12226542,
        "staff_shortage": 0.05987745,
        "substitution_available": -1.20406628,
        "summer_overlap_ratio": 0.15773647,
        "tenure_maturity": 0.05194504
      }
    },
    {
      "bias": 0.23668315,
      "name": "deadline_closure",
      "weights": {
        "auto_candidate": 0.20825092,
        "coverage_complete": 0.11061857,
        "coverage_fit": 0.29554287,
        "cross_month": 0.01375894,
        "deadline_fit": -0.10529701,
        "deadline_miss": -0.10530338,
        "has_risk_payload": 0.30674574,
        "load_pressure": 0.19749166,
        "manager_role": 0.3174839,
        "manual_candidate": -0.0228848,
        "over_plan_pressure": -0.31888589,
        "passed_hard_rules": 0.00981219,
        "period_length_fit": 0.03026365,
        "planning_blocker_pressure": 0.07151225,
        "planning_open_pressure": 0.21435536,
        "preference_backup": 0.25686833,
        "preference_exact": 0.03581595,
        "preference_missing": 0.03212381,
        "preference_partial_remainder": 0.06104701,
        "preference_period_ok": 0.05562916,
        "preference_primary": 0.24422331,
        "quality_prior": 0.12594795,
        "risk_conflict": 0.10099772,
        "risk_pressure": -0.08639964,
        "risk_quality_prior": 0.11274363,
        "risk_safety": 0.25598654,
        "schema_match": 0.18526773,
        "staff_margin_positive": 0.12841605,
        "staff_shortage": 0.23394825,
        "substitution_available": 0.09822336,
        "summer_overlap_ratio": 0.05049741,
        "tenure_maturity": 0.05664145
      }
    },
    {
      "bias": -0.03886808,
      "name": "staffing_safety",
      "weights": {
        "auto_candidate": 0.04734889,
        "coverage_complete": -0.1783013,
        "coverage_fit": -0.18209258,
        "cross_month": -0.3400217,
        "deadline_fit": -0.10110809,
        "deadline_miss": 0.04410452,
        "has_risk_payload": -0.1422904,
        "load_pressure": -0.20085651,
        "manager_role": -0.16069476,
        "manual_candidate": 1.24573791,
        "over_plan_pressure": -0.16574287,
        "passed_hard_rules": -0.21620888,
        "period_length_fit": -0.30645204,
        "planning_blocker_pressure": -0.11241889,
        "planning_open_pressure": 0.0234509,
        "preference_backup": -0.15710098,
        "preference_exact": -0.13891049,
        "preference_missing": -0.22692277,
        "preference_partial_remainder": -0.19205701,
        "preference_period_ok": -0.25208536,
        "preference_primary": -0.16610724,
        "quality_prior": -0.36175963,
        "risk_conflict": -0.07607332,
        "risk_pressure": 0.15264298,
        "risk_quality_prior": -0.23205642,
        "risk_safety": -0.31135088,
        "schema_match": -0.13122083,
        "staff_margin_positive": -0.36168432,
        "staff_shortage": -0.06360856,
        "substitution_available": 0.2232255,
        "summer_overlap_ratio": -0.15537821,
        "tenure_maturity": -0.2808274
      }
    },
    {
      "bias": -0.05010526,
      "name": "department_pressure",
      "weights": {
        "auto_candidate": -0.20224226,
        "coverage_complete": -0.21043731,
        "coverage_fit": 0.00298159,
        "cross_month": -0.39488807,
        "deadline_fit": -0.1495077,
        "deadline_miss": 0.12218296,
        "has_risk_payload": -0.22482078,
        "load_pressure": -0.53926945,
        "manager_role": 0.34637284,
        "manual_candidate": 1.08006454,
        "over_plan_pressure": -0.62394732,
        "passed_hard_rules": -0.21480994,
        "period_length_fit": 0.51480728,