{
  "description": "Trained tabular MLP ranker for full vacation schedule packages.",
  "feature_schema_version": 1,
  "heads": {
    "avoid": {
      "bias": 0.43603817,
      "weights": {
        "coverage_quality": 0.03884296,
        "deadline_closure": -0.4234094,
        "package_prior": -0.26086935,
        "period_shape": 1.59892035,
        "preference_alignment": -1.32717717,
        "risk_control": -0.614438,
        "source_fit": 1.44357359,
        "staffing_safety": 1.1833595
      }
    },
    "confidence": {
      "bias": 0.35270575,
      "weights": {
        "coverage_quality": 0.55977637,
        "deadline_closure": -0.49505442,
        "package_prior": -0.4570829,
        "period_shape": -0.26779434,
        "preference_alignment": -0.07236946,
        "risk_control": -0.57571018,
        "source_fit": 0.48212123,
        "staffing_safety": -0.00792951
      }
    },
    "prefer": {
      "bias": -0.15857823,
      "weights": {
        "coverage_quality": -0.78997356,
        "deadline_closure": 0.18657936,
        "package_prior": 0.39407468,
        "period_shape": -0.20520918,
        "preference_alignment": 1.06940496,
        "risk_control": 0.63523227,
        "source_fit": -1.05281854,
        "staffing_safety": -1.01461864
      }
    },
    "score": {
      "bias": -0.44455317,
      "weights": {
        "coverage_quality": -0.2714197,
        "deadline_closure": 0.29015249,
        "package_prior": 0.56822133,
        "period_shape": 0.0397167,
        "preference_alignment": 0.70956165,
        "risk_control": 0.40002489,
        "source_fit": -1.23285604,
        "staffing_safety": -0.88082242
      }
    }
  },
  "hidden_activation": "tanh",
  "hidden_layer": [
    {
      "bias": 0.27534953,
      "name": "coverage_quality",
      "weights": {
        "auto_source": 0.32531783,
        "backup_preference": 0.14216636,
        "closes_need": 0.01742639,
        "coverage_complete": 0.21489702,
        "coverage_fit": 0.02002458,
        "coverage_over_plan": 0.03456379,
        "deadline_fit": -0.08339064,
        "deadline_pressure": 0.1005915,
        "extends_existing": 0.15099336,
        "load_pressure": -0.12565973,
        "long_part_ok": 0.22010756,
        "longest_period_fit": 0.11209762,
        "low_score_pressure": 0.2153196,
        "manual_source": 0.02319729,
        "passed_hard_rules": 0.14014466,
        "period_confidence": 0.15501617,
        "period_count_fit": 0.29517215,
        "period_score_avg": 0.17032456,
        "period_score_min": 0.07044099,
        "preference_any": 0.04365975,
        "preference_ratio": -0.07891696,
        "primary_preference": -0.02008698,
        "quality_prior": 0.0042045,
        "risk_conflict": 0.46902922,
        "risk_pressure": 0.00195766,
        "risk_safety": 0.14907448,
        "schema_match": 0.12065034,
        "shape_quality": 0.01554678,
        "short_period_pressure": 0.03397361,
        "single_period": -0.02149504,
        "staff_safety": 0.32370412,
        "staff_shortage": 0.02351633,
        "three_or_more_periods": 0.31980273,
        "two_periods": 0.18055663
      }
    },
    {
      "bias": 0.45964524,
      "name": "period_shape",
      "weights": {
        "auto_source": -0.25093076,
        "backup_preference": 0.1058453,
        "closes_need": -0.21841766,
        "coverage_complete": -0.1067212,
        "coverage_fit": -0.22638771,
        "coverage_over_plan": -0.05401807,
        "deadline_fit": 0.04602113,
        "deadline_pressure": -0.04644908,
        "extends_existing": 0.07208698,
        "load_pressure": 0.15292774,
        "long_part_ok": -0.0962847,
        "longest_period_fit": 0.19499016,
        "low_score_pressure": 0.61242414,
        "manual_source": 0.0306474,
        "passed_hard_rules": -0.15812847,
        "period_confidence": 0.21616879,
        "period_count_fit": 0.18344252,
        "period_score_avg": -1.09426236,
        "period_score_min": -0.7628026,
        "preference_any": 0.14054616,
        "preference_ratio": 0.04933549,
        "primary_preference": 0.07094763,
        "quality_prior": 0.34610739,
        "risk_conflict": -1.28406882,
        "risk_pressure": -0.33849841,
        "risk_safety": 1.55471134,
        "schema_match": 0.34227103,
        "shape_quality": 0.00998811,
        "short_period_pressure": -1.08101141,
        "single_period": 0.28470114,
        "staff_safety": 0.38396558,
        "staff_shortage": 0.29580054,
        "three_or_more_periods": 0.33548537,
        "two_periods": 0.32172492
      }
    },
    {
      "bias": -0.77633089,
      "name": "preference_alignment",
      "weights": {
        "auto_source": 1.26599896,
        "backup_preference": -0.10215906,
        "closes_need": 1.19182217,
        "coverage_complete": 1.09484172,
        "coverage_fit": 1.20257974,
        "coverage_over_plan": -0.14135517,
        "deadline_fit": -0.16989301,
        "deadline_pressure": -0.13400663,
        "extends_existing": -0.11522131,
        "load_pressure": 0.06937626,
        "long_part_ok": 0.62491906,
        "longest_period_fit": -0.23301278,
        "low_score_pressure": -0.45039386,
        "manual_source": -0.11676608,
        "passed_hard_rules": 1.12864137,
        "period_confidence": -0.87900591,
        "period_count_fit": -0.28081235,
        "period_score_avg": 1.65846241,
        "period_score_min": 1.77400351,
        "preference_any": -0.13308127,
        "preference_ratio": -0.08643869,
        "primary_preference": 0.05222069,
        "quality_prior": 0.36499938,
        "risk_conflict": 0.59508318,
        "risk_pressure": -0.73559713,
        "risk_safety": 0.0273307,
        "schema_match": -1.06252658,
        "shape_quality": -0.30020133,
        "short_period_pressure": -0.73226559,
        "single_period": 0.15107577,
        "staff_safety": -0.9990043,
        "staff_shortage": -1.10404944,
        "three_or_more_periods": -2.0792017,
        "two_periods": 1.12356687
      }
    },
    {
      "bias": 0.23785165,
      "name": "staffing_safety",
      "weights": {
        "auto_source": 0.63695437,
        "backup_preference": -0.12433195,
        "closes_need": -0.414011,
        "coverage_complete": -0.53502977,
        "coverage_fit": -0.56334567,
        "coverage_over_plan": -0.09432051,
        "deadline_fit": -0.14991136,
        "deadline_pressure": -0.1090637,
        "extends_existing": 0.17121543,
        "load_pressure": 0.03235115,
        "long_part_ok": -0.54206371,
        "longest_period_fit": -0.87621015,
        "low_score_pressure": -0.05603778,
        "manual_source": -0.05701259,
        "passed_hard_rules": -0.39124507,
        "period_confidence": 0.16084643,
        "period_count_fit": 0.25991771,
        "period_score_avg": -0.79340744,
        "period_score_min": -0.40085641,
        "preference_any": -0.06373508,
        "preference_ratio": -0.01186922,
        "primary_preference": -0.11606725,
        "quality_prior": -0.46688515,
        "risk_conflict": 0.65558451,
        "risk_pressure": -0.16643959,
        "risk_safety": 0.51517361,
        "schema_match": 0.42187035,
        "shape_quality": -0.35502616,
        "short_period_pressure": 0.18495451,
        "single_period": 0.2272713,
        "staff_safety": 0.13320772,
        "staff_shortage": 0.3967883,
        "three_or_more_periods": -0.09141969,
        "two_periods": 1.17866361
      }
    },
    {
      "bias": -0.34740481,
      "name": "risk_control",
      "weights": {
        "auto_source": -0.34588131,
        "backup_preference": -0.17028481,
        "closes_need": -0.08705375,
        "coverage_complete": -0.17347582,
        "coverage_fit": -0.06937505,
        "coverage_over_plan": -0.14056753,
        "deadline_fit": 0.12716536,
        "deadline_pressure": -0.12573272,
        "extends_existing": -0.02957597,
        "load_pressure": 0.03577615,
        "long_part_ok": -0.05799595,
        "longest_period_fit": -0.01725711,