{
  "description": "Trained tabular MLP ranker for full vacation schedule packages.",
  "feature_schema_version": 1,
  "heads": {
    "avoid": {
      "bias": 0.3330709,
      "weights": {
        "coverage_quality": -0.07854762,
        "deadline_closure": -0.31096643,
        "package_prior": -0.1652239,
        "period_shape": 1.31742907,
        "preference_alignment": -0.86923337,
        "risk_control": -0.55713695,
        "source_fit": 1.205212,
        "staffing_safety": 0.7881844
      }
    },
    "confidence": {
      "bias": 0.36304268,
      "weights": {
        "coverage_quality": 0.57552767,
        "deadline_closure": -0.50761282,
        "package_prior": -0.47162738,
        "period_shape": -0.11448394,
        "preference_alignment": -0.2873877,
        "risk_control": -0.59241432,
        "source_fit": 0.40687975,
        "staffing_safety": -0.10729737
      }
    },
    "prefer": {
      "bias": -0.11309039,
      "weights": {
        "coverage_quality": -0.73062932,
        "deadline_closure": -0.00218756,
        "package_prior": 0.33457777,
        "period_shape": -0.46096659,
        "preference_alignment": 0.66752052,
        "risk_control": 0.56351125,
        "source_fit": -0.92213857,
        "staffing_safety": -0.96485376
      }
    },
    "score": {
      "bias": -0.41473222,
      "weights": {
        "coverage_quality": -0.25343293,
        "deadline_closure": 0.22315311,
        "package_prior": 0.54536831,
        "period_shape": -0.01612942,
        "preference_alignment": 0.6814093,
        "risk_control": 0.34111211,
        "source_fit": -1.14305282,
        "staffing_safety": -0.70545781
      }
    }
  },
  "hidden_activation": "tanh",
  "hidden_layer": [
    {
      "bias": 0.24804451,
      "name": "coverage_quality",
      "weights": {
        "auto_source": 0.28038308,
        "backup_preference": 0.14221643,
        "closes_need": 0.01600041,
        "coverage_complete": 0.21354048,
        "coverage_fit": 0.01859953,
        "coverage_over_plan": 0.03457578,
        "deadline_fit": -0.08341984,
        "deadline_pressure": 0.10062696,
        "extends_existing": 0.15104656,
        "load_pressure": -0.12570354,
        "long_part_ok": 0.21599846,
        "longest_period_fit": 0.10804628,
        "low_score_pressure": 0.22002803,
        "manual_source": 0.02320537,
        "passed_hard_rules": 0.13876162,
        "period_confidence": 0.12455812,
        "period_count_fit": 0.25978458,
        "period_score_avg": 0.15717946,
        "period_score_min": 0.05507477,
        "preference_any": 0.04367514,
        "preference_ratio": -0.0789446,
        "primary_preference": -0.02009402,
        "quality_prior": -0.00844109,
        "risk_conflict": 0.4461273,
        "risk_pressure": -0.02379085,
        "risk_safety": 0.1410618,
        "schema_match": 0.09329089,
        "shape_quality": -0.00263973,
        "short_period_pressure": 0.07218134,
        "single_period": -0.10123985,
        "staff_safety": 0.29641619,
        "staff_shortage": -0.00387722,
        "three_or_more_periods": 0.30472901,
        "two_periods": 0.19863461
      }
    },
    {
      "bias": 0.38558957,
      "name": "period_shape",
      "weights": {
        "auto_source": -0.41598853,
        "backup_preference": 0.10588233,
        "closes_need": -0.20134747,
        "coverage_complete": -0.08961182,
        "coverage_fit": -0.2093204,
        "coverage_over_plan": -0.0540371,
        "deadline_fit": 0.0460373,
        "deadline_pressure": -0.04646525,
        "extends_existing": 0.07211202,
        "load_pressure": 0.15298094,
        "long_part_ok": -0.02170692,
        "longest_period_fit": -0.08339888,
        "low_score_pressure": 0.11283153,
        "manual_source": 0.0306581,
        "passed_hard_rules": -0.14103708,
        "period_confidence": -0.06884987,
        "period_count_fit": 0.0686403,
        "period_score_avg": -0.19935629,
        "period_score_min": -0.569942,
        "preference_any": 0.14059518,
        "preference_ratio": 0.04935271,
        "primary_preference": 0.07097267,
        "quality_prior": 0.32439685,
        "risk_conflict": -0.64048898,
        "risk_pressure": -0.38600415,
        "risk_safety": 1.42454469,
        "schema_match": 0.26817414,
        "shape_quality": 0.0491105,
        "short_period_pressure": 0.13960554,
        "single_period": 0.07555488,
        "staff_safety": 0.30988508,
        "staff_shortage": 0.22168759,
        "three_or_more_periods": 0.39782724,
        "two_periods": 0.27321243
      }
    },
    {
      "bias": -0.09380166,
      "name": "preference_alignment",
      "weights": {
        "auto_source": -0.11096627,
        "backup_preference": -0.10219505,
        "closes_need": 0.76960665,
        "coverage_complete": 0.67259234,
        "coverage_fit": 0.78036845,
        "coverage_over_plan": -0.14140496,
        "deadline_fit": -0.16995247,
        "deadline_pressure": -0.13405357,
        "extends_existing": -0.11526147,
        "load_pressure": 0.06940077,
        "long_part_ok": 0.62753946,
        "longest_period_fit": 0.66695476,
        "low_score_pressure": 0.33195454,
        "manual_source": -0.11680676,
        "passed_hard_rules": 0.70640397,
        "period_confidence": -0.31123051,
        "period_count_fit": -0.1687765,
        "period_score_avg": -0.21702974,
        "period_score_min": -0.03902785,
        "preference_any": -0.13312821,
        "preference_ratio": -0.08646894,
        "primary_preference": 0.05223894,
        "quality_prior": 0.10781575,
        "risk_conflict": -0.34702238,
        "risk_pressure": 0.62366229,
        "risk_safety": -0.41100898,
        "schema_match": -0.38009709,
        "shape_quality": 0.12946086,
        "short_period_pressure": 0.57277411,
        "single_period": -0.17182548,
        "staff_safety": -0.31658244,
        "staff_shortage": -0.42163453,
        "three_or_more_periods": -0.27054501,
        "two_periods": -0.57139277
      }
    },
    {
      "bias": 0.2522369,
      "name": "staffing_safety",
      "weights": {
        "auto_source": -0.69519204,
        "backup_preference": -0.12437576,
        "closes_need": -0.35793591,
        "coverage_complete": -0.47899696,
        "coverage_fit": -0.50732285,
        "coverage_over_plan": -0.09435337,
        "deadline_fit": -0.14996351,
        "deadline_pressure": -0.10910177,
        "extends_existing": 0.17127593,
        "load_pressure": 0.03236237,
        "long_part_ok": -0.2011483,
        "longest_period_fit": -0.10850637,
        "low_score_pressure": -0.1839103,
        "manual_source": -0.05703267,
        "passed_hard_rules": -0.33516181,
        "period_confidence": 0.03569075,
        "period_count_fit": 0.01987883,
        "period_score_avg": -0.16002151,
        "period_score_min": -0.2928513,
        "preference_any": -0.06375751,
        "preference_ratio": -0.01187339,
        "primary_preference": -0.11610793,
        "quality_prior": -0.28499871,
        "risk_conflict": 0.5744285,
        "risk_pressure": -0.06423012,
        "risk_safety": 0.39483207,
        "schema_match": 0.43632036,
        "shape_quality": 0.16582227,
        "short_period_pressure": 0.40058738,
        "single_period": -0.33372259,
        "staff_safety": 0.14755675,
        "staff_shortage": 0.41122964,
        "three_or_more_periods": 0.67134434,
        "two_periods": -0.23102598
      }
    },
    {
      "bias": -0.34271479,
      "name": "risk_control",
      "weights": {
        "auto_source": -0.31221434,
        "backup_preference": -0.17034426,
        "closes_need": -0.08675177,
        "coverage_complete": -0.1732042,
        "coverage_fit": -0.06906696,
        "coverage_over_plan": -0.14061655,
        "deadline_fit": 0.12721021,
        "deadline_pressure": -0.12577653,
        "extends_existing": -0.0295864,
        "load_pressure": 0.03578867,
        "long_part_ok": -0.0461018,
        "longest_period_fit": -0.00427586,