{
  "description": "Trained tabular MLP scorer for vacation schedule candidate ranking.",
  "feature_schema_version": 1,
  "heads": {
    "avoid": {
      "bias": -0.237974,
      "weights": {
        "auto_fit": -0.09634889,
        "calendar_quality": -0.14191328,
        "coverage_balance": -0.16096519,
        "deadline_closure": -0.11132931,
        "department_pressure": -1.71355486,
        "manager_caution": 1.16943645,
        "preference_alignment": 1.24326289,
        "staffing_safety": -0.03286192
      }
    },
    "confidence": {
      "bias": 0.07668591,
      "weights": {
        "auto_fit": -0.4218457,
        "calendar_quality": 0.28729874,
        "coverage_balance": 0.33852738,
        "deadline_closure": 0.37818706,
        "department_pressure": 0.29991338,
        "manager_caution": -0.25012958,
        "preference_alignment": -0.24597354,
        "staffing_safety": -0.16550645
      }
    },
    "prefer": {
      "bias": -0.01114701,
      "weights": {
        "auto_fit": 0.22135001,
        "calendar_quality": -0.82633811,
        "coverage_balance": -0.1286158,
        "deadline_closure": 0.00273817,
        "department_pressure": 0.93133283,
        "manager_caution": -0.71715546,
        "preference_alignment": -0.93643075,
        "staffing_safety": -0.26117441
      }
    },
    "score": {
      "bias": -0.30623293,
      "weights": {
        "auto_fit": -0.27286965,
        "calendar_quality": -0.8617655,
        "coverage_balance": 0.29707697,
        "deadline_closure": -0.11527288,
        "department_pressure": 0.62840259,
        "manager_caution": -0.53210557,
        "preference_alignment": -0.59550953,
        "staffing_safety": 0.05381899
      }
    }
  },
  "hidden_activation": "tanh",
  "hidden_layer": [
    {
      "bias": -0.53542548,
      "name": "preference_alignment",
      "weights": {
        "auto_candidate": -0.03011791,
        "coverage_complete": -0.48681298,
        "coverage_fit": -0.65283936,
        "cross_month": 1.46435273,
        "deadline_fit": -0.03868398,
        "deadline_miss": 0.03562719,
        "has_risk_payload": -0.72016329,
        "load_pressure": 0.57118249,
        "manager_role": 0.61987972,
        "manual_candidate": -0.78546125,
        "over_plan_pressure": -0.56710953,
        "passed_hard_rules": -0.60116225,
        "period_length_fit": 1.02286971,
        "planning_blocker_pressure": 0.02391116,
        "planning_open_pressure": 1.0235765,
        "preference_backup": -0.46499586,
        "preference_exact": -0.41546074,
        "preference_missing": -0.30087298,
        "preference_partial_remainder": -0.71139032,
        "preference_period_ok": -0.5065611,
        "preference_primary": -0.75217682,
        "quality_prior": -0.79074275,
        "risk_conflict": -1.71697569,
        "risk_pressure": -1.05378342,
        "risk_quality_prior": 0.62520319,
        "risk_safety": 1.30698156,
        "schema_match": -0.68406129,
        "staff_margin_positive": -2.32981253,
        "staff_shortage": 0.9014684,
        "substitution_available": -0.17437886,
        "summer_overlap_ratio": 1.22596669,
        "tenure_maturity": 0.17811327
      }
    },
    {
      "bias": 0.03461132,
      "name": "coverage_balance",
      "weights": {
        "auto_candidate": 0.25634971,
        "coverage_complete": 0.18673861,
        "coverage_fit": 0.10039818,
        "cross_month": 0.21630594,
        "deadline_fit": 0.02751633,
        "deadline_miss": 0.14265029,
        "has_risk_payload": 0.1768311,
        "load_pressure": 0.04464538,
        "manager_role": 0.18019836,
        "manual_candidate": 0.10022628,
        "over_plan_pressure": 0.17730252,
        "passed_hard_rules": 0.31516343,
        "period_length_fit": 0.2646496,
        "planning_blocker_pressure": -0.07718506,
        "planning_open_pressure": 0.26545554,
        "preference_backup": 0.24164259,
        "preference_exact": 0.30452397,
        "preference_missing": 0.01679586,
        "preference_partial_remainder": -0.02629049,
        "preference_period_ok": 0.14664827,
        "preference_primary": 0.08346187,
        "quality_prior": 0.33837166,
        "risk_conflict": 0.18712154,
        "risk_pressure": 0.23023942,
        "risk_quality_prior": 0.24722783,
        "risk_safety": 0.15545425,
        "schema_match": 0.29570329,
        "staff_margin_positive": 0.0393106,
        "staff_shortage": 0.17108648,
        "substitution_available": -0.12050632,
        "summer_overlap_ratio": 0.22309187,
        "tenure_maturity": 0.09143883
      }
    },
    {
      "bias": 0.24862657,
      "name": "deadline_closure",
      "weights": {
        "auto_candidate": 0.20456846,
        "coverage_complete": 0.12269486,
        "coverage_fit": 0.30723369,
        "cross_month": -0.01725903,
        "deadline_fit": -0.10529701,
        "deadline_miss": -0.10530338,
        "has_risk_payload": 0.31868762,
        "load_pressure": 0.20603243,
        "manager_role": 0.28195116,
        "manual_candidate": 0.01616289,
        "over_plan_pressure": -0.17790778,
        "passed_hard_rules": 0.0217566,
        "period_length_fit": 0.03358317,
        "planning_blocker_pressure": 0.07151225,
        "planning_open_pressure": 0.21787702,
        "preference_backup": 0.31802416,
        "preference_exact": 0.09438594,
        "preference_missing": 0.03128263,
        "preference_partial_remainder": -0.19585693,
        "preference_period_ok": 0.11419881,
        "preference_primary": 0.30960584,
        "quality_prior": 0.12443303,
        "risk_conflict": 0.24178766,
        "risk_pressure": 0.02857703,
        "risk_quality_prior": 0.06116066,
        "risk_safety": 0.19596484,
        "schema_match": 0.19721305,
        "staff_margin_positive": 0.10979219,
        "staff_shortage": 0.2653355,
        "substitution_available": 0.12002355,
        "summer_overlap_ratio": 0.02082875,
        "tenure_maturity": 0.06345367
      }
    },
    {
      "bias": -0.07291978,
      "name": "staffing_safety",
      "weights": {
        "auto_candidate": 0.02564958,
        "coverage_complete": -0.21213946,
        "coverage_fit": -0.21425641,
        "cross_month": -0.05734188,
        "deadline_fit": -0.10110809,
        "deadline_miss": 0.04410452,
        "has_risk_payload": -0.1763418,
        "load_pressure": -0.23226747,
        "manager_role": -0.05329628,
        "manual_candidate": 0.20083182,
        "over_plan_pressure": -0.31088036,
        "passed_hard_rules": -0.25026143,
        "period_length_fit": -0.32525995,
        "planning_blocker_pressure": -0.11241889,
        "planning_open_pressure": 0.00304558,
        "preference_backup": -0.17864956,
        "preference_exact": -0.16953924,
        "preference_missing": -0.27963042,
        "preference_partial_remainder": -0.32522756,
        "preference_period_ok": -0.28271365,
        "preference_primary": -0.20491405,
        "quality_prior": -0.35603276,
        "risk_conflict": -0.09479996,
        "risk_pressure": -0.25957766,
        "risk_quality_prior": -0.16820155,
        "risk_safety": -0.22110896,
        "schema_match": -0.16527228,
        "staff_margin_positive": -0.27595147,
        "staff_shortage": -0.27479884,
        "substitution_available": -0.10300332,
        "summer_overlap_ratio": -0.22116162,
        "tenure_maturity": -0.2887544
      }
    },
    {
      "bias": 0.43011758,
      "name": "department_pressure",
      "weights": {
        "auto_candidate": -0.95457298,
        "coverage_complete": 0.17805645,
        "coverage_fit": 0.59452301,
        "cross_month": 0.62107807,
        "deadline_fit": -0.1495077,
        "deadline_miss": 0.12218295,
        "has_risk_payload": 0.25540224,
        "load_pressure": -1.67347789,
        "manager_role": -2.19393134,
        "manual_candidate": 1.69378543,
        "over_plan_pressure": -0.54812092,
        "passed_hard_rules": 0.26541308,
        "period_length_fit": 0.81939238,