{
  "description": "Trained tabular MLP ranker for full vacation schedule packages.",
  "feature_schema_version": 1,
  "heads": {
    "avoid": {
      "bias": 0.21303672,
      "weights": {
        "coverage_quality": -0.24327029,
        "deadline_closure": -0.03845907,
        "package_prior": 1.33825386,
        "period_shape": 1.25089586,
        "preference_alignment": -1.14723587,
        "risk_control": -0.50111401,
        "source_fit": 1.13498807,
        "staffing_safety": 0.82931507
      }
    },
    "confidence": {
      "bias": 0.44623449,
      "weights": {
        "coverage_quality": 0.71133852,
        "deadline_closure": -0.67310631,
        "package_prior": -0.55995375,
        "period_shape": 0.01734477,
        "preference_alignment": 0.08706161,
        "risk_control": -0.82760906,
        "source_fit": 0.81474286,
        "staffing_safety": -0.08246558
      }
    },
    "prefer": {
      "bias": 0.05684381,
      "weights": {
        "coverage_quality": -0.31461439,
        "deadline_closure": -0.20934747,
        "package_prior": -0.94110256,
        "period_shape": -0.87656528,
        "preference_alignment": 0.76798576,
        "risk_control": 0.51532602,
        "source_fit": -1.06075549,
        "staffing_safety": -0.96181446
      }
    },
    "score": {
      "bias": -0.35019141,
      "weights": {
        "coverage_quality": -0.1319149,
        "deadline_closure": 0.02416415,
        "package_prior": -0.21650879,
        "period_shape": -0.81235969,
        "preference_alignment": 0.72564864,
        "risk_control": 0.25705463,
        "source_fit": -1.20568204,
        "staffing_safety": -0.73692131
      }
    }
  },
  "hidden_activation": "tanh",
  "hidden_layer": [
    {
      "bias": 0.27748942,
      "name": "coverage_quality",
      "weights": {
        "auto_source": 0.29573596,
        "backup_preference": 0.14216636,
        "closes_need": 0.05415267,
        "coverage_complete": 0.25162324,
        "coverage_fit": 0.0567509,
        "coverage_over_plan": 0.03456379,
        "deadline_fit": -0.08339064,
        "deadline_pressure": 0.10059148,
        "extends_existing": 0.15099338,
        "load_pressure": -0.12565972,
        "long_part_ok": 0.25754735,
        "longest_period_fit": 0.13920888,
        "low_score_pressure": 0.16724977,
        "manual_source": -0.48903102,
        "passed_hard_rules": 0.17687099,
        "period_confidence": 0.1629037,
        "period_count_fit": 0.28563648,
        "period_score_avg": 0.23980822,
        "period_score_min": 0.14335476,
        "preference_any": 0.04365975,
        "preference_ratio": -0.07891696,
        "primary_preference": -0.02008698,
        "quality_prior": 0.06406986,
        "risk_conflict": 0.56596863,
        "risk_pressure": -0.01648981,
        "risk_safety": 0.12118648,
        "schema_match": 0.12278987,
        "shape_quality": 0.02759002,
        "short_period_pressure": 0.090749,
        "single_period": -0.10840068,
        "staff_safety": 0.32584363,
        "staff_shortage": 0.02565585,
        "three_or_more_periods": 0.34737468,
        "two_periods": 0.24040724
      }
    },
    {
      "bias": 0.42958987,
      "name": "period_shape",
      "weights": {
        "auto_source": -0.21253246,
        "backup_preference": 0.10584529,
        "closes_need": -0.21684387,
        "coverage_complete": -0.10514743,
        "coverage_fit": -0.2248138,
        "coverage_over_plan": -0.05401807,
        "deadline_fit": 0.04602113,
        "deadline_pressure": -0.04644908,
        "extends_existing": 0.07208698,
        "load_pressure": 0.15292774,
        "long_part_ok": -0.18196784,
        "longest_period_fit": -0.15072562,
        "low_score_pressure": -0.21441041,
        "manual_source": 0.18322943,
        "passed_hard_rules": -0.1565547,
        "period_confidence": 0.12990649,
        "period_count_fit": 0.13014026,
        "period_score_avg": -0.37467003,
        "period_score_min": -0.49974951,
        "preference_any": 0.14054616,
        "preference_ratio": 0.0493355,
        "primary_preference": 0.07094762,
        "quality_prior": -0.21297659,
        "risk_conflict": 0.92023087,
        "risk_pressure": 1.09749568,
        "risk_safety": -0.54837471,
        "schema_match": 0.31221572,
        "shape_quality": -0.14884432,
        "short_period_pressure": -0.11092076,
        "single_period": 0.49217114,
        "staff_safety": 0.35391396,
        "staff_shortage": 0.26574537,
        "three_or_more_periods": 0.59067059,
        "two_periods": -0.23447284
      }
    },
    {
      "bias": -0.25239515,
      "name": "preference_alignment",
      "weights": {
        "auto_source": -1.66490865,
        "backup_preference": -0.10215906,
        "closes_need": 0.84928316,
        "coverage_complete": 0.75230336,
        "coverage_fit": 0.86004144,
        "coverage_over_plan": -0.14135517,
        "deadline_fit": -0.16989301,
        "deadline_pressure": -0.13400663,
        "extends_existing": -0.11522131,
        "load_pressure": 0.06937627,
        "long_part_ok": 0.03993354,
        "longest_period_fit": -0.11817349,
        "low_score_pressure": -0.38011041,
        "manual_source": -0.08385091,
        "passed_hard_rules": 0.78610277,
        "period_confidence": 0.07099134,
        "period_count_fit": -0.47582343,
        "period_score_avg": 0.92422026,
        "period_score_min": 0.99052876,
        "preference_any": -0.13308127,
        "preference_ratio": -0.08643869,
        "primary_preference": 0.05222069,
        "quality_prior": 0.88162303,
        "risk_conflict": -0.8201443,
        "risk_pressure": -0.85551721,
        "risk_safety": 1.04426849,
        "schema_match": -0.53859013,
        "shape_quality": -0.48144779,
        "short_period_pressure": 0.30217215,
        "single_period": -0.13865666,
        "staff_safety": -0.47509694,
        "staff_shortage": -0.58011329,
        "three_or_more_periods": 0.55909657,
        "two_periods": -1.3705337
      }
    },
    {
      "bias": 0.31999069,
      "name": "staffing_safety",
      "weights": {
        "auto_source": -0.06791775,
        "backup_preference": -0.12433196,
        "closes_need": -0.22671835,
        "coverage_complete": -0.34773698,
        "coverage_fit": -0.37605298,
        "coverage_over_plan": -0.09432051,
        "deadline_fit": -0.14991136,
        "deadline_pressure": -0.1090637,
        "extends_existing": 0.17121544,
        "load_pressure": 0.03235115,
        "long_part_ok": -0.17195308,
        "longest_period_fit": -0.16194704,
        "low_score_pressure": -0.05463002,
        "manual_source": 0.21769071,
        "passed_hard_rules": -0.20395209,
        "period_confidence": 0.1268333,
        "period_count_fit": 0.19126508,
        "period_score_avg": -0.41803744,
        "period_score_min": -0.3503252,
        "preference_any": -0.06373508,
        "preference_ratio": -0.01186922,
        "primary_preference": -0.11606725,
        "quality_prior": -0.39984831,
        "risk_conflict": 0.58543575,
        "risk_pressure": 0.86497384,
        "risk_safety": -0.51729244,
        "schema_match": 0.50401008,
        "shape_quality": 2.848e-05,
        "short_period_pressure": 0.27872407,
        "single_period": 0.04648064,
        "staff_safety": 0.21534851,
        "staff_shortage": 0.47892794,
        "three_or_more_periods": 0.67980719,
        "two_periods": 0.0483041
      }
    },
    {
      "bias": -0.33908084,
      "name": "risk_control",
      "weights": {
        "auto_source": -0.31407762,
        "backup_preference": -0.17028481,
        "closes_need": -0.06978074,
        "coverage_complete": -0.15620284,
        "coverage_fit": -0.05210214,
        "coverage_over_plan": -0.14056753,
        "deadline_fit": 0.12716536,
        "deadline_pressure": -0.1257327,
        "extends_existing": -0.02957598,
        "load_pressure": 0.03577615,
        "long_part_ok": -0.03656322,
        "longest_period_fit": 0.01988753,