{
  "description": "Trained tabular MLP scorer for vacation schedule candidate ranking.",
  "feature_schema_version": 1,
  "heads": {
    "avoid": {
      "bias": -0.18264546,
      "weights": {
        "auto_fit": -0.20133768,
        "calendar_quality": -0.44168937,
        "coverage_balance": -0.08094318,
        "deadline_closure": -0.01792559,
        "department_pressure": -1.32916546,
        "manager_caution": 0.93382961,
        "preference_alignment": 1.24315,
        "staffing_safety": -0.09861145
      }
    },
    "confidence": {
      "bias": 0.07993979,
      "weights": {
        "auto_fit": -0.42528102,
        "calendar_quality": 0.19679019,
        "coverage_balance": 0.35162446,
        "deadline_closure": 0.39866015,
        "department_pressure": 0.28448305,
        "manager_caution": -0.23153952,
        "preference_alignment": -0.17687382,
        "staffing_safety": -0.18263224
      }
    },
    "prefer": {
      "bias": -0.13244422,
      "weights": {
        "auto_fit": 0.40734541,
        "calendar_quality": -0.48913202,
        "coverage_balance": -0.29860163,
        "deadline_closure": -0.17847428,
        "department_pressure": 0.58484697,
        "manager_caution": -0.95871419,
        "preference_alignment": -0.70507717,
        "staffing_safety": -0.12176619
      }
    },
    "score": {
      "bias": -0.34032652,
      "weights": {
        "auto_fit": -0.14929119,
        "calendar_quality": -0.69620723,
        "coverage_balance": 0.15818509,
        "deadline_closure": -0.3082779,
        "department_pressure": 0.38348642,
        "manager_caution": -0.53656632,
        "preference_alignment": -0.53857285,
        "staffing_safety": 0.15806219
      }
    }
  },
  "hidden_activation": "tanh",
  "hidden_layer": [
    {
      "bias": 0.04933169,
      "name": "preference_alignment",
      "weights": {
        "auto_candidate": 0.6685307,
        "coverage_complete": 0.10185212,
        "coverage_fit": -0.08604559,
        "cross_month": -0.15221882,
        "deadline_fit": -0.03868398,
        "deadline_miss": 0.03562719,
        "has_risk_payload": -0.13540652,
        "load_pressure": -0.38690472,
        "manager_role": -1.21191525,
        "manual_candidate": -1.58471286,
        "over_plan_pressure": 0.15345992,
        "passed_hard_rules": -0.01640557,
        "period_length_fit": -0.16998897,
        "planning_blocker_pressure": 0.02391116,
        "planning_open_pressure": -0.2377667,
        "preference_backup": -0.4703317,
        "preference_exact": -0.39645031,
        "preference_missing": 0.11214104,
        "preference_partial_remainder": -0.07201662,
        "preference_period_ok": -0.4875505,
        "preference_primary": -0.69693005,
        "quality_prior": -0.18493584,
        "risk_conflict": -0.07170992,
        "risk_pressure": 1.35098195,
        "risk_quality_prior": -1.16160834,
        "risk_safety": -1.25462234,
        "schema_match": -0.09930443,
        "staff_margin_positive": 0.51960915,
        "staff_shortage": -0.30846405,
        "substitution_available": -0.17437886,
        "summer_overlap_ratio": -0.29024133,
        "tenure_maturity": 0.27342764
      }
    },
    {
      "bias": -0.00730634,
      "name": "coverage_balance",
      "weights": {
        "auto_candidate": 0.2348467,
        "coverage_complete": 0.14779995,
        "coverage_fit": 0.06112371,
        "cross_month": 0.21274811,
        "deadline_fit": 0.02751633,
        "deadline_miss": 0.14265029,
        "has_risk_payload": 0.13491333,
        "load_pressure": 0.03665129,
        "manager_role": 0.24442795,
        "manual_candidate": 0.00875961,
        "over_plan_pressure": 0.07430468,
        "passed_hard_rules": 0.27324584,
        "period_length_fit": 0.23726894,
        "planning_blocker_pressure": -0.07718506,
        "planning_open_pressure": 0.22585535,
        "preference_backup": 0.18040538,
        "preference_exact": 0.24291372,
        "preference_missing": -0.01059888,
        "preference_partial_remainder": -0.73902303,
        "preference_period_ok": 0.0850379,
        "preference_primary": 0.02021361,
        "quality_prior": 0.30876592,
        "risk_conflict": 0.05085389,
        "risk_pressure": -0.04861792,
        "risk_quality_prior": 0.25380203,
        "risk_safety": 0.19251817,
        "schema_match": 0.25378603,
        "staff_margin_positive": 0.07956553,
        "staff_shortage": 0.08497914,
        "substitution_available": -0.12050632,
        "summer_overlap_ratio": 0.19882239,
        "tenure_maturity": 0.03792297
      }
    },
    {
      "bias": 0.23392238,
      "name": "deadline_closure",
      "weights": {
        "auto_candidate": 0.20305502,
        "coverage_complete": 0.10883263,
        "coverage_fit": 0.29205599,
        "cross_month": 0.01686062,
        "deadline_fit": -0.10529701,
        "deadline_miss": -0.10530338,
        "has_risk_payload": 0.30398458,
        "load_pressure": 0.2023617,
        "manager_role": 0.33943224,
        "manual_candidate": -0.35915297,
        "over_plan_pressure": -0.17512079,
        "passed_hard_rules": 0.00705174,
        "period_length_fit": 0.03490232,
        "planning_blocker_pressure": 0.07151225,
        "planning_open_pressure": 0.21513902,
        "preference_backup": 0.31941178,
        "preference_exact": 0.08171627,
        "preference_missing": 0.01718867,
        "preference_partial_remainder": 0.05517755,
        "preference_period_ok": 0.10152955,
        "preference_primary": 0.28016528,
        "quality_prior": 0.11871646,
        "risk_conflict": 0.10099773,
        "risk_pressure": -0.08877472,
        "risk_quality_prior": 0.09487247,
        "risk_safety": 0.23946229,
        "schema_match": 0.18250771,
        "staff_margin_positive": 0.08385509,
        "staff_shortage": 0.25876734,
        "substitution_available": 0.12002355,
        "summer_overlap_ratio": 0.02521686,
        "tenure_maturity": 0.04934887
      }
    },
    {
      "bias": -0.03630507,
      "name": "staffing_safety",
      "weights": {
        "auto_candidate": 0.0955232,
        "coverage_complete": -0.17632318,
        "coverage_fit": -0.17934318,
        "cross_month": 0.02497675,
        "deadline_fit": -0.10110809,
        "deadline_miss": 0.04410452,
        "has_risk_payload": -0.13972719,
        "load_pressure": -0.23166361,
        "manager_role": -0.0574168,
        "manual_candidate": 1.15837657,
        "over_plan_pressure": -0.1497905,
        "passed_hard_rules": -0.21364591,
        "period_length_fit": -0.28888696,
        "planning_blocker_pressure": -0.11241889,
        "planning_open_pressure": 0.04376306,
        "preference_backup": -0.18769556,
        "preference_exact": -0.16732629,
        "preference_missing": -0.19042161,
        "preference_partial_remainder": -0.17921191,
        "preference_period_ok": -0.28050128,
        "preference_primary": -0.19391741,
        "quality_prior": -0.34381339,
        "risk_conflict": -0.07607332,
        "risk_pressure": 0.15894218,
        "risk_quality_prior": -0.21347038,
        "risk_safety": -0.28549212,
        "schema_match": -0.12865779,
        "staff_margin_positive": -0.31497887,
        "staff_shortage": -0.1791708,
        "substitution_available": -0.10300332,
        "summer_overlap_ratio": -0.14907201,
        "tenure_maturity": -0.25128627
      }
    },
    {
      "bias": -0.06798862,
      "name": "department_pressure",
      "weights": {
        "auto_candidate": -0.0868129,
        "coverage_complete": -0.16840661,
        "coverage_fit": 0.01955574,
        "cross_month": -0.28711653,
        "deadline_fit": -0.1495077,
        "deadline_miss": 0.12218295,
        "has_risk_payload": -0.24270412,
        "load_pressure": 1.51373303,
        "manager_role": -0.25218406,
        "manual_candidate": -0.36109814,
        "over_plan_pressure": 0.05051436,
        "passed_hard_rules": -0.23269323,
        "period_length_fit": 0.55765182,