{
  "description": "Trained tabular MLP ranker for full vacation schedule packages.",
  "feature_schema_version": 1,
  "heads": {
    "avoid": {
      "bias": 0.21505117,
      "weights": {
        "coverage_quality": -0.22599258,
        "deadline_closure": -0.12097907,
        "package_prior": 1.39237988,
        "period_shape": 1.30054331,
        "preference_alignment": -1.13708973,
        "risk_control": -0.54142159,
        "source_fit": 1.14260566,
        "staffing_safety": 0.87297034
      }
    },
    "confidence": {
      "bias": 0.4387897,
      "weights": {
        "coverage_quality": 0.68987137,
        "deadline_closure": -0.65388471,
        "package_prior": -0.53764862,
        "period_shape": 0.03826722,
        "preference_alignment": 0.02659016,
        "risk_control": -0.7961905,
        "source_fit": 0.76722425,
        "staffing_safety": -0.12178024
      }
    },
    "prefer": {
      "bias": 0.159734,
      "weights": {
        "coverage_quality": -0.26523715,
        "deadline_closure": -0.09307316,
        "package_prior": -1.01399302,
        "period_shape": -0.92393029,
        "preference_alignment": 0.72614956,
        "risk_control": 0.47385195,
        "source_fit": -1.05537486,
        "staffing_safety": -0.95278227
      }
    },
    "score": {
      "bias": -0.31930414,
      "weights": {
        "coverage_quality": -0.09065355,
        "deadline_closure": -0.00330991,
        "package_prior": -0.23962756,
        "period_shape": -0.77609611,
        "preference_alignment": 0.76218694,
        "risk_control": 0.1730067,
        "source_fit": -1.15796888,
        "staffing_safety": -0.70921826
      }
    }
  },
  "hidden_activation": "tanh",
  "hidden_layer": [
    {
      "bias": 0.2449718,
      "name": "coverage_quality",
      "weights": {
        "auto_source": 0.27766824,
        "backup_preference": 0.14216636,
        "closes_need": 0.00841145,
        "coverage_complete": 0.20588237,
        "coverage_fit": 0.01100968,
        "coverage_over_plan": 0.03456379,
        "deadline_fit": -0.08339064,
        "deadline_pressure": 0.1005915,
        "extends_existing": 0.15099336,
        "load_pressure": -0.12565973,
        "long_part_ok": 0.21860582,
        "longest_period_fit": 0.11978512,
        "low_score_pressure": 0.12499586,
        "manual_source": 0.00828453,
        "passed_hard_rules": 0.13112977,
        "period_confidence": 0.14113626,
        "period_count_fit": 0.23984027,
        "period_score_avg": 0.23872618,
        "period_score_min": 0.1348166,
        "preference_any": 0.04365975,
        "preference_ratio": -0.07891696,
        "primary_preference": -0.02008698,
        "quality_prior": 0.03108121,
        "risk_conflict": 0.59451848,
        "risk_pressure": -0.09567901,
        "risk_safety": 0.10526547,
        "schema_match": 0.09027224,
        "shape_quality": -0.00784519,
        "short_period_pressure": 0.04735414,
        "single_period": -0.19056387,
        "staff_safety": 0.29332599,
        "staff_shortage": -0.00686186,
        "three_or_more_periods": 0.34546348,
        "two_periods": 0.21766093
      }
    },
    {
      "bias": 0.39903677,
      "name": "period_shape",
      "weights": {
        "auto_source": -0.46697628,
        "backup_preference": 0.1058453,
        "closes_need": -0.23797865,
        "coverage_complete": -0.12628202,
        "coverage_fit": -0.24594866,
        "coverage_over_plan": -0.05401807,
        "deadline_fit": 0.04602113,
        "deadline_pressure": -0.04644908,
        "extends_existing": 0.07208698,
        "load_pressure": 0.15292774,
        "long_part_ok": -0.09787191,
        "longest_period_fit": -0.08457455,
        "low_score_pressure": -0.41006336,
        "manual_source": -0.78881884,
        "passed_hard_rules": -0.17768931,
        "period_confidence": -0.02002148,
        "period_count_fit": 0.07358392,
        "period_score_avg": -0.38854358,
        "period_score_min": -0.2938129,
        "preference_any": 0.14054616,
        "preference_ratio": 0.04933549,
        "primary_preference": 0.07094763,
        "quality_prior": -0.1945329,
        "risk_conflict": 1.02219975,
        "risk_pressure": 1.12021053,
        "risk_safety": -0.47787884,
        "schema_match": 0.28166288,
        "shape_quality": -0.04612435,
        "short_period_pressure": 0.01820231,
        "single_period": 0.20308857,
        "staff_safety": 0.32336128,
        "staff_shortage": 0.23519199,
        "three_or_more_periods": 0.53029013,
        "two_periods": -0.09814332
      }
    },
    {
      "bias": -0.52064157,
      "name": "preference_alignment",
      "weights": {
        "auto_source": -0.51490963,
        "backup_preference": -0.10215906,
        "closes_need": 0.57698417,
        "coverage_complete": 0.48000377,
        "coverage_fit": 0.58774203,
        "coverage_over_plan": -0.14135517,
        "deadline_fit": -0.16989301,
        "deadline_pressure": -0.13400663,
        "extends_existing": -0.11522131,
        "load_pressure": 0.06937626,
        "long_part_ok": -0.0495963,
        "longest_period_fit": 0.68652207,
        "low_score_pressure": -0.4561851,
        "manual_source": 0.56090128,
        "passed_hard_rules": 0.51380312,
        "period_confidence": 0.04339932,
        "period_count_fit": -0.61615962,
        "period_score_avg": 1.05206251,
        "period_score_min": 1.0439446,
        "preference_any": -0.13308127,
        "preference_ratio": -0.08643869,
        "primary_preference": 0.05222069,
        "quality_prior": 0.85246164,
        "risk_conflict": -0.87738353,
        "risk_pressure": -1.07014704,
        "risk_safety": 1.16347408,
        "schema_match": -0.80683649,
        "shape_quality": -0.11721673,
        "short_period_pressure": 0.47056428,
        "single_period": -0.4818477,
        "staff_safety": -0.74333972,
        "staff_shortage": -0.84835958,
        "three_or_more_periods": -0.0910357,
        "two_periods": -0.62829071
      }
    },
    {
      "bias": 0.34830758,
      "name": "staffing_safety",
      "weights": {
        "auto_source": -0.19065341,
        "backup_preference": -0.12433195,
        "closes_need": -0.18682079,
        "coverage_complete": -0.30783939,
        "coverage_fit": -0.33615518,
        "coverage_over_plan": -0.09432051,
        "deadline_fit": -0.14991136,
        "deadline_pressure": -0.1090637,
        "extends_existing": 0.17121543,
        "load_pressure": 0.03235115,
        "long_part_ok": -0.10326533,
        "longest_period_fit": -0.03402106,
        "low_score_pressure": -0.03582065,
        "manual_source": -0.5780744,
        "passed_hard_rules": -0.16405462,
        "period_confidence": 0.00403187,
        "period_count_fit": 0.22856459,
        "period_score_avg": -0.55411321,
        "period_score_min": -0.2896733,
        "preference_any": -0.06373508,
        "preference_ratio": -0.01186922,
        "primary_preference": -0.11606725,
        "quality_prior": -0.37109891,
        "risk_conflict": 0.66500396,
        "risk_pressure": 1.03626978,
        "risk_safety": -0.55348742,
        "schema_match": 0.5323267,
        "shape_quality": 0.18317865,
        "short_period_pressure": 0.64790779,
        "single_period": 0.03839538,
        "staff_safety": 0.24366483,
        "staff_shortage": 0.50724471,
        "three_or_more_periods": 0.56966561,
        "two_periods": 0.2220318
      }
    },
    {
      "bias": -0.33845279,
      "name": "risk_control",
      "weights": {
        "auto_source": -0.31463918,
        "backup_preference": -0.17028481,
        "closes_need": -0.08411876,
        "coverage_complete": -0.17054108,
        "coverage_fit": -0.0664401,
        "coverage_over_plan": -0.14056753,
        "deadline_fit": 0.12716536,
        "deadline_pressure": -0.12573272,
        "extends_existing": -0.02957597,
        "load_pressure": 0.03577615,
        "long_part_ok": -0.04871172,
        "longest_period_fit": -0.00301539,